probe,dn_mae_km,dn_rmse_km,dn_corr
1,4538.841639855381,4942.842540816887,
2,5467.879831703906,6513.216332840875,
3,2373.335425270989,2745.333697996647,
4,3988.8766445771707,4414.731173725384,
