probe,mae_nT,rmse_nT,corr,n_exceed_0p5nT,N_angle_diff_deg
1,395.2186262989036,1421.2179213544266,0.7979060341413559,80644,89.69116472265434
2,355.8056777778817,1249.658159482511,0.8630226935337525,81598,89.62087851521966
3,351.8075567917024,1232.8486243142986,0.8728847824047246,81939,89.71299010532363
4,396.5210040161779,1422.197978369892,0.7898518302039705,81017,89.20685142582467
