probe,ang_N_sav_vs_N_mva_deg,ang_N_sav_vs_N_alg_deg,ang_N_sav_vs_N_timing_deg,ang_L_sav_vs_Bmean_tan_deg,ang_M_sav_vs_Bmean_tan_deg,ang_L_sav_vs_Vi_tan_deg,ang_M_sav_vs_Vi_tan_deg
1,89.69116472084171,21.589097124187276,15.451348278874177,4.575972156842544,85.4240278431574,17.966354359363613,72.03364564063635
2,89.62087851890708,17.699089516601237,18.858037013496695,16.77359987845485,73.22640012154514,23.5330799532417,66.46692004675829
3,89.71299010134338,16.41716991671987,20.677906885466584,34.44040513308593,55.55959486691405,26.317485514165483,63.68251448583451
4,89.20685144815182,22.761972301100812,14.862667728531664,7.546521691502555,82.45347830849742,16.71557992343272,73.28442007656727
