probe,vn_mae_km_s,vn_rmse_km_s,vn_corr
1,37.56667955850785,53.72894992335904,-0.206053121604775
2,39.44529745806262,55.05228468313206,-0.20245378505164827
3,41.96907445728144,52.527839801853005,0.14444949795478862
4,37.66452566513615,51.6229246777709,-0.12676297091691852
