{
  "probes": {
    "1": {
      "mae_km_s": 29.364574579344097,
      "rmse_km_s": 46.077415871037104,
      "bias_km_s": 10.67763545028015,
      "corr_pearson": -0.10243724308362567,
      "n_points": 2400,
      "dt_ms_mean": -2085.019173355,
      "dt_ms_median": -0.0002485,
      "dt_ms_p95": -1.4e-05
    },
    "2": {
      "mae_km_s": 32.56564984330157,
      "rmse_km_s": 48.388401882851184,
      "bias_km_s": 14.283174339619169,
      "corr_pearson": -0.09491150086082092,
      "n_points": 2400,
      "dt_ms_mean": -2041.9078666820835,
      "dt_ms_median": -0.000221,
      "dt_ms_p95": -1.5e-05
    },
    "3": {
      "mae_km_s": 45.52689624457833,
      "rmse_km_s": 59.53848880765574,
      "bias_km_s": 24.115777706717267,
      "corr_pearson": -0.1814998215842131,
      "n_points": 2400,
      "dt_ms_mean": -2133.7698021475003,
      "dt_ms_median": -0.000268,
      "dt_ms_p95": -1.6e-05
    },
    "4": {
      "mae_km_s": 32.01138076558757,
      "rmse_km_s": 48.414535001333846,
      "bias_km_s": 11.978944174999071,
      "corr_pearson": -0.15139730285439254,
      "n_points": 2400,
      "dt_ms_mean": -2068.1332781429164,
      "dt_ms_median": -0.00023950000000000002,
      "dt_ms_p95": -1.5950000000000272e-05
    }
  },
  "overall": {
    "mae_km_s_mean": 34.86712535820289,
    "mae_km_s_max": 45.52689624457833
  },
  "config": {
    "vn_alignment_method": "nearest",
    "max_time_offset_ms": null
  }
}