set,probe,dn_median_km,dn_maxabs_km
all_1243,1,4264.22299190862,6961.649952595197
all_1243,2,4280.674549803277,6864.069272751503
all_1243,3,111.40159594567692,4140.37772651228
all_1243,4,4796.750519195022,7549.803608080476
mixed_1230_1243,1,4264.22299190862,6961.649952595197
mixed_1230_1243,2,4280.674549803277,6864.069272751503
mixed_1230_1243,3,-103.26457061226867,3771.315915013455
mixed_1230_1243,4,-2747.621599926305,6453.4159081858725
