{
  "probes": {
    "1": {
      "mae_km_s": 22.358415439846567,
      "rmse_km_s": 34.89946462872517,
      "bias_km_s": 9.427491514105814,
      "corr_pearson": 3.6652790442202696e-17,
      "n_points": 2400,
      "dt_ms_mean": 601864198231.6334,
      "dt_ms_median": 601864198231.6509,
      "dt_ms_p95": 601869056251.1516
    },
    "2": {
      "mae_km_s": 24.051232464919075,
      "rmse_km_s": 35.611898257670234,
      "bias_km_s": 3.4096145454672326,
      "corr_pearson": 8.819571657511999e-17,
      "n_points": 2400,
      "dt_ms_mean": 601864198959.8647,
      "dt_ms_median": 601864198959.8921,
      "dt_ms_p95": 601869057013.3064
    },
    "3": {
      "mae_km_s": 34.39971070533692,
      "rmse_km_s": 45.06289831236866,
      "bias_km_s": 15.14620428698577,
      "corr_pearson": 0.0,
      "n_points": 2400,
      "dt_ms_mean": 601864200391.7087,
      "dt_ms_median": 601864200391.5322,
      "dt_ms_p95": 601869058411.9688
    },
    "4": {
      "mae_km_s": 23.364611289218075,
      "rmse_km_s": 34.94491022663465,
      "bias_km_s": 5.578712934546425,
      "corr_pearson": 1.620328093364808e-16,
      "n_points": 2400,
      "dt_ms_mean": 601864198216.105,
      "dt_ms_median": 601864198216.0977,
      "dt_ms_p95": 601869056210.5403
    }
  },
  "overall": {
    "mae_km_s_mean": 26.04349247483016,
    "mae_km_s_max": 34.39971070533692
  }
}